term,verdict_fit,popularity,difficulty,our_rank,serp_owner_top3,owner_rating_mass,winnability,target_position,protecting_tokens,rationale
budget,FIT,37,23,OUT,SERP nao medida,heranca de categoria,LOTTERY,—,n/d,"sem SERP propria: classificado por heranca de categoria (rank + difficulty do nicho) | Monthly spending cap per category plus a total month budget, with progress bars | 1 avaliacoes nesta loja, 0 inst 1*/90d, 5,7 inst/dia no app inteiro | pop nao confiavel: unica fonte de volume e o backup Astro de out/2025 (sem ASC Search Terms, sem Apple Ads)"
budget expense,FIT,5,15,OUT,SERP nao medida,heranca de categoria,LOTTERY,—,n/d,"sem SERP propria: classificado por heranca de categoria (rank + difficulty do nicho) | Monthly spending cap per category plus a total month budget, with progress bars | pop=5 = PISO da escala Astro, volume DESCONHECIDO (nao e ""termo facil com volume"") | 1 avaliacoes nesta loja, 0 inst 1*/90d, 5,7 inst/dia no app inteiro | pop nao confiavel: unica fonte de volume e o backup Astro de out/2025 (sem ASC Search Terms, sem Apple Ads)"
budget personal,FIT,5,15,OUT,SERP nao medida,heranca de categoria,LOTTERY,—,n/d,"sem SERP propria: classificado por heranca de categoria (rank + difficulty do nicho) | Monthly spending cap per category plus a total month budget, with progress bars | pop=5 = PISO da escala Astro, volume DESCONHECIDO (nao e ""termo facil com volume"") | 1 avaliacoes nesta loja, 0 inst 1*/90d, 5,7 inst/dia no app inteiro | pop nao confiavel: unica fonte de volume e o backup Astro de out/2025 (sem ASC Search Terms, sem Apple Ads)"
excel,FIT,68,47,OUT,SERP nao medida,heranca de categoria,UNWINNABLE,—,n/d,"sem SERP propria: classificado por heranca de categoria (rank + difficulty do nicho) | Export to Excel (.xlsx), PDF or plain text, via share sheet or a folder you pick - and it is FREE | 1 avaliacoes nesta loja, 0 inst 1*/90d, 5,7 inst/dia no app inteiro | pop nao confiavel: unica fonte de volume e o backup Astro de out/2025 (sem ASC Search Terms, sem Apple Ads) | alimenta composicoes ja rankeadas: #5 εξοδα excel"
expense,FIT,5,21,OUT,SERP nao medida,heranca de categoria,LOTTERY,—,n/d,"sem SERP propria: classificado por heranca de categoria (rank + difficulty do nicho) | Core job: log an expense by hand in seconds - amount, category, date/time, description | pop=5 = PISO da escala Astro, volume DESCONHECIDO (nao e ""termo facil com volume"") | 1 avaliacoes nesta loja, 0 inst 1*/90d, 5,7 inst/dia no app inteiro | pop nao confiavel: unica fonte de volume e o backup Astro de out/2025 (sem ASC Search Terms, sem Apple Ads)"
expense manager,FIT,5,35,OUT,SERP nao medida,heranca de categoria,LOTTERY,—,n/d,"sem SERP propria: classificado por heranca de categoria (rank + difficulty do nicho) | Core job: log an expense by hand in seconds - amount, category, date/time, description | pop=5 = PISO da escala Astro, volume DESCONHECIDO (nao e ""termo facil com volume"") | 1 avaliacoes nesta loja, 0 inst 1*/90d, 5,7 inst/dia no app inteiro | pop nao confiavel: unica fonte de volume e o backup Astro de out/2025 (sem ASC Search Terms, sem Apple Ads)"
expense tracker,FIT,21,23,OUT,SERP nao medida,heranca de categoria,LOTTERY,—,n/d,"sem SERP propria: classificado por heranca de categoria (rank + difficulty do nicho) | Core job: log an expense by hand in seconds - amount, category, date/time, description | 1 avaliacoes nesta loja, 0 inst 1*/90d, 5,7 inst/dia no app inteiro | pop nao confiavel: unica fonte de volume e o backup Astro de out/2025 (sem ASC Search Terms, sem Apple Ads)"
finance,PARTIAL,34,61,OUT,SERP nao medida,heranca de categoria,UNWINNABLE,—,n/d,"sem SERP propria: classificado por heranca de categoria (rank + difficulty do nicho) | Broad finance pool (banking, investing, income) where the app is expense-only; plausible but partial | 1 avaliacoes nesta loja, 0 inst 1*/90d, 5,7 inst/dia no app inteiro | pop nao confiavel: unica fonte de volume e o backup Astro de out/2025 (sem ASC Search Terms, sem Apple Ads)"
home,PARTIAL,58,45,OUT,SERP nao medida,heranca de categoria,LOTTERY,—,n/d,"sem SERP propria: classificado por heranca de categoria (rank + difficulty do nicho) | Bare English 'home' only works inside 'home budget'; alone it has no expense intent | 1 avaliacoes nesta loja, 0 inst 1*/90d, 5,7 inst/dia no app inteiro | pop nao confiavel: unica fonte de volume e o backup Astro de out/2025 (sem ASC Search Terms, sem Apple Ads)"
home budget,FIT,5,9,OUT,SERP nao medida,heranca de categoria,LOTTERY,—,n/d,"sem SERP propria: classificado por heranca de categoria (rank + difficulty do nicho) | Monthly spending cap per category plus a total month budget, with progress bars | pop=5 = PISO da escala Astro, volume DESCONHECIDO (nao e ""termo facil com volume"") | 1 avaliacoes nesta loja, 0 inst 1*/90d, 5,7 inst/dia no app inteiro | pop nao confiavel: unica fonte de volume e o backup Astro de out/2025 (sem ASC Search Terms, sem Apple Ads)"
manager,PARTIAL,53,42,OUT,SERP nao medida,heranca de categoria,LOTTERY,—,n/d,"sem SERP propria: classificado por heranca de categoria (rank + difficulty do nicho) | Generic polysemous word; low difficulty because the niche does not compete there. Composition-feeder | 1 avaliacoes nesta loja, 0 inst 1*/90d, 5,7 inst/dia no app inteiro | pop nao confiavel: unica fonte de volume e o backup Astro de out/2025 (sem ASC Search Terms, sem Apple Ads)"
money,PARTIAL,42,49,OUT,SERP nao medida,heranca de categoria,UNWINNABLE,—,n/d,"sem SERP propria: classificado por heranca de categoria (rank + difficulty do nicho) | 'Money' pool is broad (banking, transfers, games); the expense-tracker reading is only one of severa | 1 avaliacoes nesta loja, 0 inst 1*/90d, 5,7 inst/dia no app inteiro | pop nao confiavel: unica fonte de volume e o backup Astro de out/2025 (sem ASC Search Terms, sem Apple Ads)"
money tracker,FIT,26,23,OUT,SERP nao medida,heranca de categoria,LOTTERY,—,n/d,"sem SERP propria: classificado por heranca de categoria (rank + difficulty do nicho) | Core job: log an expense by hand in seconds - amount, category, date/time, description | 1 avaliacoes nesta loja, 0 inst 1*/90d, 5,7 inst/dia no app inteiro | pop nao confiavel: unica fonte de volume e o backup Astro de out/2025 (sem ASC Search Terms, sem Apple Ads)"
pdf,FIT,69,52,OUT,SERP nao medida,heranca de categoria,UNWINNABLE,—,n/d,"sem SERP propria: classificado por heranca de categoria (rank + difficulty do nicho) | Export to Excel (.xlsx), PDF or plain text, via share sheet or a folder you pick - and it is FREE | 1 avaliacoes nesta loja, 0 inst 1*/90d, 5,7 inst/dia no app inteiro | pop nao confiavel: unica fonte de volume e o backup Astro de out/2025 (sem ASC Search Terms, sem Apple Ads)"
personal,PARTIAL,5,39,OUT,SERP nao medida,heranca de categoria,LOTTERY,—,n/d,"sem SERP propria: classificado por heranca de categoria (rank + difficulty do nicho) | Generic polysemous word; low difficulty because the niche does not compete there. Composition-feeder | pop=5 = PISO da escala Astro, volume DESCONHECIDO (nao e ""termo facil com volume"") | 1 avaliacoes nesta loja, 0 inst 1*/90d, 5,7 inst/dia no app inteiro | pop nao confiavel: unica fonte de volume e o backup Astro de out/2025 (sem ASC Search Terms, sem Apple Ads)"
personal finance,PARTIAL,5,21,OUT,SERP nao medida,heranca de categoria,LOTTERY,—,n/d,"sem SERP propria: classificado por heranca de categoria (rank + difficulty do nicho) | Broad finance pool (banking, investing, income) where the app is expense-only; plausible but partial | pop=5 = PISO da escala Astro, volume DESCONHECIDO (nao e ""termo facil com volume"") | 1 avaliacoes nesta loja, 0 inst 1*/90d, 5,7 inst/dia no app inteiro | pop nao confiavel: unica fonte de volume e o backup Astro de out/2025 (sem ASC Search Terms, sem Apple Ads)"
planner,PARTIAL,53,39,OUT,SERP nao medida,heranca de categoria,LOTTERY,—,n/d,"sem SERP propria: classificado por heranca de categoria (rank + difficulty do nicho) | Forward-looking planning is partly there (month budget + end-of-month projection) but there is no in | 1 avaliacoes nesta loja, 0 inst 1*/90d, 5,7 inst/dia no app inteiro | pop nao confiavel: unica fonte de volume e o backup Astro de out/2025 (sem ASC Search Terms, sem Apple Ads)"
spending,FIT,5,23,OUT,SERP nao medida,heranca de categoria,LOTTERY,—,n/d,"sem SERP propria: classificado por heranca de categoria (rank + difficulty do nicho) | Core job: log an expense by hand in seconds - amount, category, date/time, description | pop=5 = PISO da escala Astro, volume DESCONHECIDO (nao e ""termo facil com volume"") | 1 avaliacoes nesta loja, 0 inst 1*/90d, 5,7 inst/dia no app inteiro | pop nao confiavel: unica fonte de volume e o backup Astro de out/2025 (sem ASC Search Terms, sem Apple Ads)"
tracker,PARTIAL,31,47,OUT,SERP nao medida,heranca de categoria,UNWINNABLE,—,n/d,"sem SERP propria: classificado por heranca de categoria (rank + difficulty do nicho) | Bare cross-category word (habit/fitness/period trackers own this pool); only the qualified compositi | 1 avaliacoes nesta loja, 0 inst 1*/90d, 5,7 inst/dia no app inteiro | pop nao confiavel: unica fonte de volume e o backup Astro de out/2025 (sem ASC Search Terms, sem Apple Ads)"
tracker spending,FIT,5,13,OUT,SERP nao medida,heranca de categoria,LOTTERY,—,n/d,"sem SERP propria: classificado por heranca de categoria (rank + difficulty do nicho) | Core job: log an expense by hand in seconds - amount, category, date/time, description | pop=5 = PISO da escala Astro, volume DESCONHECIDO (nao e ""termo facil com volume"") | 1 avaliacoes nesta loja, 0 inst 1*/90d, 5,7 inst/dia no app inteiro | pop nao confiavel: unica fonte de volume e o backup Astro de out/2025 (sem ASC Search Terms, sem Apple Ads)"
widget,FIT,58,44,OUT,SERP nao medida,heranca de categoria,LOTTERY,—,n/d,"sem SERP propria: classificado por heranca de categoria (rank + difficulty do nicho) | Interactive iOS 17+ home-screen widget for quick add (systemMedium/systemLarge) | 1 avaliacoes nesta loja, 0 inst 1*/90d, 5,7 inst/dia no app inteiro | pop nao confiavel: unica fonte de volume e o backup Astro de out/2025 (sem ASC Search Terms, sem Apple Ads) | alimenta composicoes ja rankeadas: #1 εξοδα widget"
έξοδα,FIT,5,19,149,SERP nao medida,heranca de categoria,CLIMB,top 50,έξοδα=έξοδα/NAME,"sem SERP propria: classificado por heranca de categoria (rank + difficulty do nicho) | Core job: log an expense by hand in seconds - amount, category, date/time, description | pop=5 = PISO da escala Astro, volume DESCONHECIDO (nao e ""termo facil com volume"") | 1 avaliacoes nesta loja, 0 inst 1*/90d, 5,7 inst/dia no app inteiro | pop nao confiavel: unica fonte de volume e o backup Astro de out/2025 (sem ASC Search Terms, sem Apple Ads)"
έξοδα διαχείριση,FIT,5,15,26,iXpenseIt: Manage Finance (35); Budget & Expense: Moneyboard (1568); Monthly Expenses Lite: Tracker (19),top3 max 1568 / soma 1622 = medio,CLIMB,top 10,έξοδα=έξοδα/NAME ; διαχείριση=διαχείριση/NAME,"Core job: log an expense by hand in seconds - amount, category, date/time, description | pop=5 = PISO da escala Astro, volume DESCONHECIDO (nao e ""termo facil com volume"") | 1 avaliacoes nesta loja, 0 inst 1*/90d, 5,7 inst/dia no app inteiro | pop nao confiavel: unica fonte de volume e o backup Astro de out/2025 (sem ASC Search Terms, sem Apple Ads)"
αγορές,PARTIAL,5,53,97,SERP nao medida,heranca de categoria,CLIMB,top 50,αγορές=αγορές/KEYWORDS,"sem SERP propria: classificado por heranca de categoria (rank + difficulty do nicho) | 'Purchases/shopping' reading is partly ours (the ShoppingBasket category) but the pool is shopping a | pop=5 = PISO da escala Astro, volume DESCONHECIDO (nao e ""termo facil com volume"") | 1 avaliacoes nesta loja, 0 inst 1*/90d, 5,7 inst/dia no app inteiro | pop nao confiavel: unica fonte de volume e o backup Astro de out/2025 (sem ASC Search Terms, sem Apple Ads)"
αποταμίευση,PARTIAL,5,11,127,SERP nao medida,heranca de categoria,CLIMB,top 50,αποταμίευση=αποταμίευση/SUBTITLE,"sem SERP propria: classificado por heranca de categoria (rank + difficulty do nicho) | Spending less is the outcome the app actually drives (see where it goes, cap a category), but there | pop=5 = PISO da escala Astro, volume DESCONHECIDO (nao e ""termo facil com volume"") | 1 avaliacoes nesta loja, 0 inst 1*/90d, 5,7 inst/dia no app inteiro | pop nao confiavel: unica fonte de volume e o backup Astro de out/2025 (sem ASC Search Terms, sem Apple Ads)"
γραφημα εξοδων,FIT,5,5,OUT,SERP nao medida,heranca de categoria,LOTTERY,—,n/d,"sem SERP propria: classificado por heranca de categoria (rank + difficulty do nicho) | Charts tab: pie by category, weekly and daily bars, top expenses, plus Monthly Insights (daily avera | pop=5 = PISO da escala Astro, volume DESCONHECIDO (nao e ""termo facil com volume"") | diff=5 tambem e piso de escala | 1 avaliacoes nesta loja, 0 inst 1*/90d, 5,7 inst/dia no app inteiro | pop nao confiavel: unica fonte de volume e o backup Astro de out/2025 (sem ASC Search Terms, sem Apple Ads)"
διαχείριση,PARTIAL,5,11,169,SERP nao medida,heranca de categoria,LOTTERY,—,διαχείριση=διαχείριση/NAME,"sem SERP propria: classificado por heranca de categoria (rank + difficulty do nicho) | Generic polysemous word; low difficulty because the niche does not compete there. Composition-feeder | pop=5 = PISO da escala Astro, volume DESCONHECIDO (nao e ""termo facil com volume"") | 1 avaliacoes nesta loja, 0 inst 1*/90d, 5,7 inst/dia no app inteiro | pop nao confiavel: unica fonte de volume e o backup Astro de out/2025 (sem ASC Search Terms, sem Apple Ads) | alimenta composicoes ja rankeadas: #26 έξοδα διαχείριση"
διαχειριση εξοδων,PARTIAL,5,31,OUT,SERP nao medida,heranca de categoria,LOTTERY,—,n/d,"sem SERP propria: classificado por heranca de categoria (rank + difficulty do nicho) | Generic polysemous word; low difficulty because the niche does not compete there. Composition-feeder | pop=5 = PISO da escala Astro, volume DESCONHECIDO (nao e ""termo facil com volume"") | 1 avaliacoes nesta loja, 0 inst 1*/90d, 5,7 inst/dia no app inteiro | pop nao confiavel: unica fonte de volume e o backup Astro de out/2025 (sem ASC Search Terms, sem Apple Ads)"
ελεγχος εξοδων,FIT,5,5,OUT,SERP nao medida,heranca de categoria,LOTTERY,—,n/d,"sem SERP propria: classificado por heranca de categoria (rank + difficulty do nicho) | Expense control is the app's headline job: log, categorise, cap, see where it went | pop=5 = PISO da escala Astro, volume DESCONHECIDO (nao e ""termo facil com volume"") | diff=5 tambem e piso de escala | 1 avaliacoes nesta loja, 0 inst 1*/90d, 5,7 inst/dia no app inteiro | pop nao confiavel: unica fonte de volume e o backup Astro de out/2025 (sem ASC Search Terms, sem Apple Ads)"
εξαγωγή,FIT,5,7,154,SERP nao medida,heranca de categoria,LOTTERY,—,εξαγωγή=εξαγωγή/KEYWORDS,"sem SERP propria: classificado por heranca de categoria (rank + difficulty do nicho) | Export to Excel (.xlsx), PDF or plain text, via share sheet or a folder you pick - and it is FREE | pop=5 = PISO da escala Astro, volume DESCONHECIDO (nao e ""termo facil com volume"") | 1 avaliacoes nesta loja, 0 inst 1*/90d, 5,7 inst/dia no app inteiro | pop nao confiavel: unica fonte de volume e o backup Astro de out/2025 (sem ASC Search Terms, sem Apple Ads)"
εξοδα excel,FIT,5,8,5,tricount: Split & Settle Bills (393); Smart Receipt Scan: Receiptly (0); Receipto: Tax Receipt Scanner (0),top3 max 393 / soma 393 = leve,DOMINATE,top 3,εξοδα=έξοδα/NAME ; excel=excel/KEYWORDS,"SERP ao vivo confirma #5 | Export to Excel (.xlsx), PDF or plain text, via share sheet or a folder you pick - and it is FREE | pop=5 = PISO da escala Astro, volume DESCONHECIDO (nao e ""termo facil com volume"") | 1 avaliacoes nesta loja, 0 inst 1*/90d, 5,7 inst/dia no app inteiro | pop nao confiavel: unica fonte de volume e o backup Astro de out/2025 (sem ASC Search Terms, sem Apple Ads)"
εξοδα offline,FIT,5,5,OUT,SERP nao medida,heranca de categoria,LOTTERY,—,n/d,"sem SERP propria: classificado por heranca de categoria (rank + difficulty do nicho) | Fully usable offline with no account: every repository is local-first on SharedPreferences | pop=5 = PISO da escala Astro, volume DESCONHECIDO (nao e ""termo facil com volume"") | diff=5 tambem e piso de escala | 1 avaliacoes nesta loja, 0 inst 1*/90d, 5,7 inst/dia no app inteiro | pop nao confiavel: unica fonte de volume e o backup Astro de out/2025 (sem ASC Search Terms, sem Apple Ads)"
εξοδα widget,FIT,5,5,1,My Expenses: Personal Finances (1); Milli: Budget Expense Tracker (0); Flint: Expense Tracker & Bills (0),top3 max 1 / soma 1 = vazio,DOMINATE,manter #1,εξοδα=έξοδα/NAME ; widget=widget/KEYWORDS,"SERP ao vivo confirma #1 | Interactive iOS 17+ home-screen widget for quick add (systemMedium/systemLarge) | pop=5 = PISO da escala Astro, volume DESCONHECIDO (nao e ""termo facil com volume"") | diff=5 tambem e piso de escala | 1 avaliacoes nesta loja, 0 inst 1*/90d, 5,7 inst/dia no app inteiro | pop nao confiavel: unica fonte de volume e o backup Astro de out/2025 (sem ASC Search Terms, sem Apple Ads)"
εξοδα ανα κατηγορια,FIT,5,5,OUT,SERP nao medida,heranca de categoria,LOTTERY,—,n/d,"sem SERP propria: classificado por heranca de categoria (rank + difficulty do nicho) | 14 built-in categories plus user-created ones with custom name, icon and colour | pop=5 = PISO da escala Astro, volume DESCONHECIDO (nao e ""termo facil com volume"") | diff=5 tambem e piso de escala | 1 avaliacoes nesta loja, 0 inst 1*/90d, 5,7 inst/dia no app inteiro | pop nao confiavel: unica fonte de volume e o backup Astro de out/2025 (sem ASC Search Terms, sem Apple Ads)"
ημερησια εξοδα,FIT,5,5,OUT,SERP nao medida,heranca de categoria,LOTTERY,—,n/d,"sem SERP propria: classificado por heranca de categoria (rank + difficulty do nicho) | Core job: log an expense by hand in seconds - amount, category, date/time, description | pop=5 = PISO da escala Astro, volume DESCONHECIDO (nao e ""termo facil com volume"") | diff=5 tambem e piso de escala | 1 avaliacoes nesta loja, 0 inst 1*/90d, 5,7 inst/dia no app inteiro | pop nao confiavel: unica fonte de volume e o backup Astro de out/2025 (sem ASC Search Terms, sem Apple Ads)"
ημερολογιο εξοδων,FIT,5,7,OUT,SERP nao medida,heranca de categoria,LOTTERY,—,n/d,"sem SERP propria: classificado por heranca de categoria (rank + difficulty do nicho) | Calendar view toggle inside the Transactions tab, with each day's expenses and day total | pop=5 = PISO da escala Astro, volume DESCONHECIDO (nao e ""termo facil com volume"") | 1 avaliacoes nesta loja, 0 inst 1*/90d, 5,7 inst/dia no app inteiro | pop nao confiavel: unica fonte de volume e o backup Astro de out/2025 (sem ASC Search Terms, sem Apple Ads)"
ημερολόγιο,FIT,5,36,OUT,SERP nao medida,heranca de categoria,LOTTERY,—,n/d,"sem SERP propria: classificado por heranca de categoria (rank + difficulty do nicho) | Calendar view toggle inside the Transactions tab, with each day's expenses and day total | pop=5 = PISO da escala Astro, volume DESCONHECIDO (nao e ""termo facil com volume"") | 1 avaliacoes nesta loja, 0 inst 1*/90d, 5,7 inst/dia no app inteiro | pop nao confiavel: unica fonte de volume e o backup Astro de out/2025 (sem ASC Search Terms, sem Apple Ads)"
καταγραφη εξοδων,FIT,5,23,OUT,SERP nao medida,heranca de categoria,LOTTERY,—,n/d,"sem SERP propria: classificado por heranca de categoria (rank + difficulty do nicho) | Core job: log an expense by hand in seconds - amount, category, date/time, description | pop=5 = PISO da escala Astro, volume DESCONHECIDO (nao e ""termo facil com volume"") | 1 avaliacoes nesta loja, 0 inst 1*/90d, 5,7 inst/dia no app inteiro | pop nao confiavel: unica fonte de volume e o backup Astro de out/2025 (sem ASC Search Terms, sem Apple Ads)"
κατηγορίες,FIT,5,5,10,Cards Category: Sorting Games (0); Word Solitaire: Categories (0); Guess It!!! Social game (1),top3 max 1 / soma 1 = vazio,DOMINATE,top 3,κατηγορίες=κατηγορίες/KEYWORDS,"SERP ao vivo confirma #10 | 14 built-in categories plus user-created ones with custom name, icon and colour | pop=5 = PISO da escala Astro, volume DESCONHECIDO (nao e ""termo facil com volume"") | diff=5 tambem e piso de escala | 1 avaliacoes nesta loja, 0 inst 1*/90d, 5,7 inst/dia no app inteiro | pop nao confiavel: unica fonte de volume e o backup Astro de out/2025 (sem ASC Search Terms, sem Apple Ads)"
μηνιαια εξοδα,FIT,5,5,OUT,SERP nao medida,heranca de categoria,LOTTERY,—,n/d,"sem SERP propria: classificado por heranca de categoria (rank + difficulty do nicho) | Core job: log an expense by hand in seconds - amount, category, date/time, description | pop=5 = PISO da escala Astro, volume DESCONHECIDO (nao e ""termo facil com volume"") | diff=5 tambem e piso de escala | 1 avaliacoes nesta loja, 0 inst 1*/90d, 5,7 inst/dia no app inteiro | pop nao confiavel: unica fonte de volume e o backup Astro de out/2025 (sem ASC Search Terms, sem Apple Ads)"
οικονομία,PARTIAL,5,30,77,SERP nao medida,heranca de categoria,CLIMB,top 50,οικονομία=οικονομία/KEYWORDS,"sem SERP propria: classificado por heranca de categoria (rank + difficulty do nicho) | Broad finance pool (banking, investing, income) where the app is expense-only; plausible but partial | pop=5 = PISO da escala Astro, volume DESCONHECIDO (nao e ""termo facil com volume"") | 1 avaliacoes nesta loja, 0 inst 1*/90d, 5,7 inst/dia no app inteiro | pop nao confiavel: unica fonte de volume e o backup Astro de out/2025 (sem ASC Search Terms, sem Apple Ads)"
οικονομικά,PARTIAL,5,13,106,SERP nao medida,heranca de categoria,CLIMB,top 50,οικονομικά=οικονομικά/KEYWORDS,"sem SERP propria: classificado por heranca de categoria (rank + difficulty do nicho) | Broad finance pool (banking, investing, income) where the app is expense-only; plausible but partial | pop=5 = PISO da escala Astro, volume DESCONHECIDO (nao e ""termo facil com volume"") | 1 avaliacoes nesta loja, 0 inst 1*/90d, 5,7 inst/dia no app inteiro | pop nao confiavel: unica fonte de volume e o backup Astro de out/2025 (sem ASC Search Terms, sem Apple Ads)"
παγια εξοδα,FIT,5,5,OUT,SERP nao medida,heranca de categoria,LOTTERY,—,n/d,"sem SERP propria: classificado por heranca de categoria (rank + difficulty do nicho) | Fixed/recurring expenses with daily/weekly/monthly/yearly/weekdays repetition, automatic or suggeste | pop=5 = PISO da escala Astro, volume DESCONHECIDO (nao e ""termo facil com volume"") | diff=5 tambem e piso de escala | 1 avaliacoes nesta loja, 0 inst 1*/90d, 5,7 inst/dia no app inteiro | pop nao confiavel: unica fonte de volume e o backup Astro de out/2025 (sem ASC Search Terms, sem Apple Ads)"
προσωπικα οικονομικα,PARTIAL,5,5,OUT,SERP nao medida,heranca de categoria,LOTTERY,—,n/d,"sem SERP propria: classificado por heranca de categoria (rank + difficulty do nicho) | Broad finance pool (banking, investing, income) where the app is expense-only; plausible but partial | pop=5 = PISO da escala Astro, volume DESCONHECIDO (nao e ""termo facil com volume"") | diff=5 tambem e piso de escala | 1 avaliacoes nesta loja, 0 inst 1*/90d, 5,7 inst/dia no app inteiro | pop nao confiavel: unica fonte de volume e o backup Astro de out/2025 (sem ASC Search Terms, sem Apple Ads)"
προυπολογισμος μηνιαιος,FIT,5,5,OUT,SERP nao medida,heranca de categoria,LOTTERY,—,n/d,"sem SERP propria: classificado por heranca de categoria (rank + difficulty do nicho) | Monthly spending cap per category plus a total month budget, with progress bars | pop=5 = PISO da escala Astro, volume DESCONHECIDO (nao e ""termo facil com volume"") | diff=5 tambem e piso de escala | 1 avaliacoes nesta loja, 0 inst 1*/90d, 5,7 inst/dia no app inteiro | pop nao confiavel: unica fonte de volume e o backup Astro de out/2025 (sem ASC Search Terms, sem Apple Ads)"
προϋπολογισμός,FIT,5,21,OUT,SERP nao medida,heranca de categoria,LOTTERY,—,n/d,"sem SERP propria: classificado por heranca de categoria (rank + difficulty do nicho) | Monthly spending cap per category plus a total month budget, with progress bars | pop=5 = PISO da escala Astro, volume DESCONHECIDO (nao e ""termo facil com volume"") | 1 avaliacoes nesta loja, 0 inst 1*/90d, 5,7 inst/dia no app inteiro | pop nao confiavel: unica fonte de volume e o backup Astro de out/2025 (sem ASC Search Terms, sem Apple Ads)"
προϋπολογισμός αποταμίευση,FIT,5,9,62,SERP nao medida,heranca de categoria,CLIMB,top 50,προϋπολογισμός=προϋπολογισμός/SUBTITLE ; αποταμίευση=αποταμίευση/SUBTITLE,"sem SERP propria: classificado por heranca de categoria (rank + difficulty do nicho) | Monthly spending cap per category plus a total month budget, with progress bars | pop=5 = PISO da escala Astro, volume DESCONHECIDO (nao e ""termo facil com volume"") | 1 avaliacoes nesta loja, 0 inst 1*/90d, 5,7 inst/dia no app inteiro | pop nao confiavel: unica fonte de volume e o backup Astro de out/2025 (sem ASC Search Terms, sem Apple Ads)"
στόχοι,PARTIAL,5,7,126,SERP nao medida,heranca de categoria,CLIMB,top 50,στόχοι=στόχοι/KEYWORDS,"sem SERP propria: classificado por heranca de categoria (rank + difficulty do nicho) | 'Goals' here are spending CAPS, not targets to reach | pop=5 = PISO da escala Astro, volume DESCONHECIDO (nao e ""termo facil com volume"") | 1 avaliacoes nesta loja, 0 inst 1*/90d, 5,7 inst/dia no app inteiro | pop nao confiavel: unica fonte de volume e o backup Astro de out/2025 (sem ASC Search Terms, sem Apple Ads)"
χρημάτων,PARTIAL,5,5,39,"Budget: expense tracker, money (19); Money Log Lite -Budget Manager (2); Moneybox: Track Your Savings (0)",top3 max 19 / soma 21 = vazio,DOMINATE,top 10,χρημάτων=χρημάτων/NAME,"'Money' pool is broad (banking, transfers, games); the expense-tracker reading is only one of severa | pop=5 = PISO da escala Astro, volume DESCONHECIDO (nao e ""termo facil com volume"") | diff=5 tambem e piso de escala | 1 avaliacoes nesta loja, 0 inst 1*/90d, 5,7 inst/dia no app inteiro | pop nao confiavel: unica fonte de volume e o backup Astro de out/2025 (sem ASC Search Terms, sem Apple Ads)"
